<session version="1.1" release="W-2024.09-SP1" timestp="2025-04-07 18:53:19 GMT">
  <info>
    <attr name="datetime" value="Mon Apr  7 14:54:29 2025
"/>
    <attr name="command" value="urg -lca -dir simv.vdb"/>
    <attr name="top_instance" value="keypad_top"/>
  </info>
  <hvp>
    <datadef>
      <metdef name="Line" type="ratio" aggregator="average" builtin="1" />
      <metdef name="Cond" type="ratio" aggregator="average" builtin="1" />
      <metdef name="Toggle" type="ratio" aggregator="average" builtin="1" />
      <metdef name="FSM" type="ratio" aggregator="average" builtin="1" />
      <metdef name="Path" type="ratio" aggregator="average" builtin="1" />
    </datadef>
  </hvp>
  <old_coverage>
  <scope type="top" name="top">
    <metric name="Line" value="55/57" />
    <metric name="Cond" value="22/26" />
    <metric name="Toggle" value="88/92" />
    <metric name="Path" value="20/22" />
  </scope>
  <scope type="instance" name="top">
  </scope>
  <scope type="group" name="top">
  </scope>
  <scope type="assert" name="Statistics">
  </scope>
  </old_coverage>
</session>